USE lcdboard;

INSERT IGNORE INTO User VALUES
('carmine', '2021-08-25', FALSE),
('joseph', '2021-08-05', FALSE),
('hayden', '2021-08-05', FALSE),
('kathey', '2021-08-03', FALSE),
('keren', '2021-08-31', FALSE),
('lynn', '2021-08-18', FALSE),
('delana', '2021-08-14', FALSE),
('ora', '2021-08-07', FALSE),
('milford', '2021-08-10', FALSE),
('florinda', '2021-08-17', FALSE),
('flo', '2021-08-14', FALSE),
('donita', '2021-08-08', FALSE),
('nakisha', '2021-08-08', FALSE),
('leatha', '2021-08-10', FALSE),
('moira', '2021-08-28', FALSE),
('jacqueline', '2021-08-21', FALSE),
('shonta', '2021-08-03', FALSE),
('mai', '2021-08-28', FALSE),
('nevada', '2021-08-08', FALSE),
('amee', '2021-08-09', FALSE),
('aurore', '2021-04-30', TRUE),
('bradly', '2021-04-28', TRUE),
('julian', '2021-04-21', TRUE),
('glayds', '2021-04-24', TRUE),
('phebe', '2021-04-23', TRUE),
('jamee', '2021-04-21', TRUE),
('ranee', '2021-04-27', TRUE),
('amina', '2021-04-21', TRUE),
('lavenia', '2021-04-26', TRUE),
('cassie', '2021-04-27', TRUE),
('sally', '2021-04-30', TRUE),
('lauretta', '2021-04-23', TRUE),
('daniel', '2021-04-28', TRUE),
('ara', '2021-04-28', TRUE),
('tanesha', '2021-04-27', TRUE),
('yasmin', '2021-04-25', TRUE),
('patricia', '2021-04-22', TRUE),
('ona', '2021-04-24', TRUE),
('tresa', '2021-04-27', TRUE),
('estell', '2021-04-24', TRUE),
('madlyn', '2021-04-20', TRUE),
('tenisha', '2021-04-25', TRUE),
('aundrea', '2021-04-30', TRUE),
('krystal', '2021-04-21', TRUE),
('luetta', '2021-04-21', TRUE),
('domenica', '2021-04-28', TRUE),
('pilar', '2021-04-24', TRUE),
('ruthe', '2021-04-22', TRUE),
('carlyn', '2021-04-23', TRUE),
('antoine', '2021-04-29', TRUE);

INSERT IGNORE INTO GuestUser VALUES
('aurore', 'tKimsDV3KMBKkKBtpIE2dltN'),
('bradly', 'YB6Iwz2UZjubKfRkB/xIG/a/'),
('julian', 'IfzOc+Cw+9wRybUeUlX6gSjI'),
('glayds', 'sro9UDP8PFd6DOafvxP6IqYt'),
('phebe', '4cgs06NM/LVRf1UwOhq4uew1'),
('jamee', 'UWuE3AchVbKPJNXu4E8r/135'),
('ranee', 'FbRoVPnsD9cYAOCcJ8ekoOHs'),
('amina', 'IuLVfDtGuqw2kem/8cgnZrRf'),
('lavenia', 'cEpoRUjHhrUG1H6q6EgxcldG'),
('cassie', 'FIAnP/usn7dfOiYgNw2QrUgK'),
('sally', 'QKEl5FLiH356DIwVUi6PJKnr'),
('lauretta', '73DRy7pT1m6RTsePlLyXts6h'),
('daniel', 'I6tF2VRginXvU+1mRlZPpgzi'),
('ara', 'b996EzM2tw3f+heARSO9mMFK'),
('tanesha', 'SxltpYJrNhX8gLrgBuT5zBN0'),
('yasmin', 'M63f+BDdzWbcxdfwE4GsWNgQ'),
('patricia', 'C+rqG+lvzMWqdinpzMlY1BjY'),
('ona', 'lDeISGdM+bjNUdf0p+53Bm8T'),
('tresa', '30wfvovcurp4oGr5r4eYrv24'),
('estell', 'r/gMh0s2xc0NjWhhO+D/xV1D'),
('madlyn', 'Qa/3WNQT5sF1gfcKnTkdQkKj'),
('tenisha', 'IKka9q9HQFatctWxs5fy6JXu'),
('aundrea', '6rCcwFRS5eF8O721rQpdGVF0'),
('krystal', 's7/hN7ruyqz0dRq6EqDw51Ug'),
('luetta', '2soB/A2oyJ4LcqzKWZHd1ndp'),
('domenica', 'ixdxhwqvR3s1RRWDO66sCBt7'),
('pilar', 'p+h5HXCUjwsx/W/YlOPpplgl'),
('ruthe', 'n9NfZxrMzTo5ug1bBXguXW3k'),
('carlyn', 'GZKCPP5yWrNWs2og3BJHQePc'),
('antoine', 'GbGLubjarDwt2Z8AqwqzMapv');

INSERT IGNORE INTO RegisteredUser VALUES
('carmine', '$2b$12$v0KRy6VEOcyDqc94lUdyUeoYLaFkb2rf7siLDfEjPEDIZ/7PYbw02'),
('joseph', '$2b$12$arAplhaWBhLAXcWkqdjegOfRTWa65NWOw2RKX/hdHj21r7T5kstru'),
('hayden', '$2b$12$O4K7i28JT4itqcEcxM2uge4QZKaT6j1DwAKeMsMN.3ki8blHfV70W'),
('kathey', '$2b$12$HWvwxNDi9vRgPsMLjq5bwudTFpUk6LlMQVQrzUOZgYiRRHPvNc/Fu'),
('keren', '$2b$12$MC44gJbe8V44pMOYGapkAeuzF9R1Ri78V7OrR/jOrE1NpUUrojb7.'),
('lynn', '$2b$12$DQLEbAE519SrcSZqszL9Au/FM5jr6U.tYDQCDE6A9gOaJhdb8zyZy'),
('delana', '$2b$12$MNTSehEAxj9O/3rgGa.64OEiORyH3H6NfnafawFBb1j/TGOdvr2A.'),
('ora', '$2b$12$Ge06nhAiAatcNrWISB8E9e76WaiiGf6jY.vNjl5YtOjvZWp7T9i4.'),
('milford', '$2b$12$GrS0Q.3jHTYPvOlwtcy1s.KdgPImwE4/HbZteGX/j5yJkK3Vw5Yni'),
('florinda', '$2b$12$Vvak0sqT.k5Ei.cg4Z4F6.sNkKm34iYSkhQSWqd6pSN0wbngW0742'),
('flo', '$2b$12$Fsdas0.dSK3wtUs9SRhmIukloLAyqgtHf.YRInuWmSGbON6vXIiHO'),
('donita', '$2b$12$QX.WlGGbvOXWevWkdIVZZO.zxT7ufeJ5PscM5trIWhrmup.o8rE5a'),
('nakisha', '$2b$12$BisPR3vzWFxFvNHU7xchm.2DQYS5kvzkTNMIHySpHjedbTJnjUGc6'),
('leatha', '$2b$12$Nvjt195rQPcqDzoHPSl2beN9OY/V6lSKHYeIQLQgl19JRJbuSDJY2'),
('moira', '$2b$12$KCRkCw3dLHOgqBizUxVVA.sm0He2n4bTJ8ExkilWXIGU0w6Xj07QK'),
('jacqueline', '$2b$12$dET.7ZbCgRQ8waiVA7IUEuD8jNukAh.mGndHCt9EVEzX0xfqr2G..'),
('shonta', '$2b$12$AouLMNpMGpLzuR2A2CY3kOQnVLIK3/GJP59SZIJkJpidSJMqNefNW'),
('mai', '$2b$12$spfzP2yQiKyxJBtJCZA5YOuj1YS9KLSGotzKh.C4hqSWDXySBjB7.'),
('nevada', '$2b$12$1.0wAqx0umg4wYWUZj5EkuLbVJIN7NAS3zdxiZAcWGsSFR7yNRg2a'),
('amee', '$2b$12$lxCOjNN/YOYc2b1feyKMregRX0x8Ogi2a7v8Nns7Qb91kre0Zt9XW');

INSERT IGNORE INTO Room VALUES
('4jUB5tHd/46nhekqKbplVNSQ', 'home sweet home', TRUE, 'aundrea'),
('qj/xcn7ASgLnmxYmSKqdKWge', 'fun', TRUE, 'domenica'),
('7ZWhpHoouZ3YT0d2gSHejB45', 'nush', TRUE, 'nevada'),
('YuWTs6Lx6qFx/6AcRD1HO40p', 'CS Admin Room', TRUE, 'shonta'),
('8CJnFraneu0A8cbukNW9NXDw', 'join join join', FALSE, 'tresa'),
('+dNLa3GurKOaKHHGApthN4rf', 'come join', TRUE, 'carmine'),
('IFahVlaXjkSiCTLzgKKPjf4q', 'programming', TRUE, 'ruthe'),
('l5X1sqqLGdgKqHMUTKLeoZgz', 'lol', TRUE, 'hayden'),
('kvsSaY/TRTJMepcHum1B49bZ', 'the home', FALSE, 'delana'),
('v0c7ivq1sfZcqEJCveQcPWIw', 'testing', TRUE, 'amee'),
('TEguLZ5hctmCQ+dHuIrl6UtF', 'testing 123', TRUE, 'lynn'),
('lFKl77/f1Ljtv4ccbaI85hDV', 'cs discussion', TRUE, 'tanesha'),
('vVitd9XgEi6Ix4SoJgrKOs1v', 'why', FALSE, 'yasmin'),
('xODG8f1MS2EuBY+rFGiOryuW', 'test test', TRUE, 'ora'),
('b4VJEWyObTxAqsaI0Jh9DsR2', 'tofuuu', FALSE, 'jacqueline'),
('3LrqPtcm/t3VUKrkktL1N+JC', 'tofu home', FALSE, 'hayden'),
('7GYE/PrhwGvWrctppcK37tAj', 'yes join', TRUE, 'krystal'),
('6OhfFgA2hI6x+yyF+qnfNbqJ', 'asdf', TRUE, 'nakisha'),
('Rijrk1jM9V0RxLK1CFwx2C4W', 'abcdefg', TRUE, 'jacqueline'),
('EgLprxpbhyUcjv/1JddOpbLl', ':)', TRUE, 'antoine'),
('2OTf2mSvj0is3v//aZl7NaPV', 'untitled', TRUE, 'joseph'),
('40BP0IIojolnWSO57bmXD47D', 'best webapp', TRUE, 'glayds'),
('Xv4h7AhfgVnK7vrK+tXAFqx+', 'homework', TRUE, 'aundrea'),
('M02PWrNl9CSMP96ir2v2ls9D', 'matcha', FALSE, 'ona'),
('YMA6132MpWy4rTOs9eks3Kk1', 'power', TRUE, 'hayden'),
('adTmfWko+J4MeF41RIABZB5U', 'mysql bug', TRUE, 'yasmin'),
('PfA7QbvBMrcgsf6a9asZMoTc', 'discovery', TRUE, 'lynn'),
('96YWz4NSYOfie+3HojcFqYCP', 'timescale db', FALSE, 'amina'),
('VgZJnAR74nZeGca0Wu2r1hc8', 'tofu', FALSE, 'jacqueline'),
('hhmioJmLE8D8XzIqLqRpde8J', 'aaaa', TRUE, 'kathey'),
('h4Bk5qDzvLGoeUPTDT86UPIz', 'abcd', TRUE, 'florinda'),
('vRtj/9P0qu31F++r2l/SzE53', 'acid base', TRUE, 'ara'),
('/6LbR9MekySM4ooQigk74Iw4', 'pure html and css', TRUE, 'ora'),
('5BpDPlX/uGlDoq4e4H+DTGz9', 'no bootstrap', TRUE, 'joseph'),
('B+4/noHaOzag6x45MAMligtJ', 'CS6131 Group 1', TRUE, 'patricia'),
('aMwcs2TcznmxHkFkaBC47nQ2', 'no name', TRUE, 'delana'),
('yLq86iILPbzFDE7j8OYZNAKL', 'funny', TRUE, 'sally'),
('GOODTMJE2RGJnAJs03lpuePQ', 'imposter', TRUE, 'hayden'),
('I3qkhMI+PFRJjzG9PAnR1J45', 'interesting', TRUE, 'moira'),
('YtBa4UyIBTVXq5oC+KC8mi3f', 'going home', TRUE, 'phebe');

INSERT IGNORE INTO ActiveRoom VALUES
('2OTf2mSvj0is3v//aZl7NaPV', FALSE, 0),
('40BP0IIojolnWSO57bmXD47D', FALSE, 0),
('Xv4h7AhfgVnK7vrK+tXAFqx+', TRUE, 0),
('M02PWrNl9CSMP96ir2v2ls9D', FALSE, 0),
('YMA6132MpWy4rTOs9eks3Kk1', FALSE, 0),
('adTmfWko+J4MeF41RIABZB5U', FALSE, 0),
('PfA7QbvBMrcgsf6a9asZMoTc', FALSE, 0),
('96YWz4NSYOfie+3HojcFqYCP', FALSE, 0),
('VgZJnAR74nZeGca0Wu2r1hc8', FALSE, 0),
('hhmioJmLE8D8XzIqLqRpde8J', FALSE, 0),
('h4Bk5qDzvLGoeUPTDT86UPIz', FALSE, 0),
('vRtj/9P0qu31F++r2l/SzE53', TRUE, 0),
('/6LbR9MekySM4ooQigk74Iw4', FALSE, 0),
('5BpDPlX/uGlDoq4e4H+DTGz9', FALSE, 0),
('B+4/noHaOzag6x45MAMligtJ', FALSE, 0),
('aMwcs2TcznmxHkFkaBC47nQ2', FALSE, 0),
('yLq86iILPbzFDE7j8OYZNAKL', FALSE, 0),
('GOODTMJE2RGJnAJs03lpuePQ', TRUE, 0),
('I3qkhMI+PFRJjzG9PAnR1J45', FALSE, 0),
('YtBa4UyIBTVXq5oC+KC8mi3f', FALSE, 0);

INSERT IGNORE INTO Whiteboard VALUES
('2OTf2mSvj0is3v//aZl7NaPV', 'fancy name', '2299e1e4788dfe1286c8d3ed.json', FALSE),
('40BP0IIojolnWSO57bmXD47D', 'default', 'd1ff9b6fbb566a9832e668ae.json', FALSE),
('Xv4h7AhfgVnK7vrK+tXAFqx+', 'fancy name', '083aca3636cedb2b9469cf5d.json', FALSE),
('M02PWrNl9CSMP96ir2v2ls9D', 'free draw', '1de0eb02598df30bfef1d0eb.json', FALSE),
('M02PWrNl9CSMP96ir2v2ls9D', 'discussion', '768da89d36ed1c2703fd1c07.json', TRUE),
('YMA6132MpWy4rTOs9eks3Kk1', 'draw panel', '39b23d11a6cf9c9841741783.json', FALSE),
('adTmfWko+J4MeF41RIABZB5U', 'drawing', '159bae2c4a87a610495c590f.json', FALSE),
('PfA7QbvBMrcgsf6a9asZMoTc', 'top secret', '64777146e7681e9e66c578c0.json', FALSE),
('PfA7QbvBMrcgsf6a9asZMoTc', 'discussion', '19df1f23b78a1cdae2d6fe9b.json', FALSE),
('96YWz4NSYOfie+3HojcFqYCP', 'place', '7f6bab6dd53f2c1fd2cace50.json', TRUE),
('VgZJnAR74nZeGca0Wu2r1hc8', 'meeting', '70756eb94784db76b50b49cb.json', FALSE),
('VgZJnAR74nZeGca0Wu2r1hc8', 'top secret', '592a572e335ea920f5c3b049.json', FALSE),
('hhmioJmLE8D8XzIqLqRpde8J', 'fancy name', 'e9d7fceed7723cc64fb10da8.json', FALSE),
('h4Bk5qDzvLGoeUPTDT86UPIz', 'meeting', 'dc51d1a2505c0a7f88e72a9c.json', FALSE),
('vRtj/9P0qu31F++r2l/SzE53', 'discussion', 'a75d0e255a01e0fbb1b48ca5.json', FALSE),
('/6LbR9MekySM4ooQigk74Iw4', 'top secret', '33e5201a469ddbaf1749b534.json', FALSE),
('/6LbR9MekySM4ooQigk74Iw4', 'place', '8daad4e866de16b2f7c02d56.json', FALSE),
('/6LbR9MekySM4ooQigk74Iw4', 'meeting', 'e9b5c827d5229e455e5341a9.json', FALSE),
('5BpDPlX/uGlDoq4e4H+DTGz9', 'work distribution', '856bbdc5b98831cc03c58d59.json', TRUE),
('B+4/noHaOzag6x45MAMligtJ', 'place', '9c89845af2d12f643777efe9.json', FALSE),
('aMwcs2TcznmxHkFkaBC47nQ2', 'work distribution', '3f27052e52a637d4154d73c1.json', FALSE),
('yLq86iILPbzFDE7j8OYZNAKL', 'fancy name', '62f61e9797c204698efa42a8.json', FALSE),
('yLq86iILPbzFDE7j8OYZNAKL', 'draw panel', '6508df883144ec89961f9b06.json', FALSE),
('GOODTMJE2RGJnAJs03lpuePQ', 'idk', '635eefb52923f9e1248ef83b.json', FALSE),
('I3qkhMI+PFRJjzG9PAnR1J45', 'drawing', '86b292ff7e88d774a403aeea.json', FALSE),
('I3qkhMI+PFRJjzG9PAnR1J45', 'top secret', 'a2b3b6704815e70863b88941.json', FALSE),
('YtBa4UyIBTVXq5oC+KC8mi3f', 'summary', '68e6b97db2c7431faf04c18c.json', TRUE),
('YtBa4UyIBTVXq5oC+KC8mi3f', 'drawing', '03ed26fc08bc74194e5b8cf0.json', FALSE),
('YtBa4UyIBTVXq5oC+KC8mi3f', 'place', '6eb69df12751538bd14416c7.json', FALSE);

INSERT IGNORE INTO Message VALUES
('Xv4h7AhfgVnK7vrK+tXAFqx+', 'mdpuXKmDaGNkfEX/QejL1sFY', '2021-03-01 14:00:40', 'Duis tempor quam id tortor tempus tincidunt.', 'nakisha'),
('Xv4h7AhfgVnK7vrK+tXAFqx+', 'kJHRUIV/Jhu1zs7WIAFLrXLr', '2021-03-01 15:51:51', 'Ut ultrices augue pulvinar nisl varius, ac sollicitudin purus venenatis.', 'jacqueline'),
('Xv4h7AhfgVnK7vrK+tXAFqx+', '/eolrLk4oplECDU0JdoMPWr5', '2021-03-01 17:20:47', 'Praesent a nunc maximus, ultrices nisi sed, malesuada justo.', 'jacqueline'),
('YMA6132MpWy4rTOs9eks3Kk1', 'egKrDRgeMaKa3OzOo7swISGD', '2021-03-01 08:31:26', 'Sed dictum enim ut massa feugiat vulputate.', 'hayden'),
('YMA6132MpWy4rTOs9eks3Kk1', '6DmrYyg6vs5gKYmJ2x04g+wj', '2021-03-02 09:49:52', 'Phasellus vulputate odio quis tellus aliquam, vitae posuere sapien efficitur.', 'hayden'),
('YMA6132MpWy4rTOs9eks3Kk1', '4MA/PJL+P8J0xJebV3TJHJ26', '2021-03-05 17:11:06', 'Lorem ipsum dolor sit amet, consectetur adipiscing elit.', 'ora'),
('YMA6132MpWy4rTOs9eks3Kk1', 'ZmgPaVr2fDKpNP+Z640Ybaj0', '2021-03-05 17:18:40', 'Mauris vehicula justo non dui mattis venenatis.', 'hayden'),
('YMA6132MpWy4rTOs9eks3Kk1', 'odzF1lHFH0rO3ro5kf79BUEz', '2021-03-06 13:44:31', 'Nullam quis metus commodo, ornare nulla id, condimentum diam.', 'nevada'),
('PfA7QbvBMrcgsf6a9asZMoTc', 'YKBsUgb4LJDzxyl6HSUNbQpS', '2021-03-02 04:28:20', 'Lorem ipsum dolor sit amet, consectetur adipiscing elit.', 'florinda'),
('PfA7QbvBMrcgsf6a9asZMoTc', 'vClzwNFe+GXesPGTuPTZeQ85', '2021-03-03 20:41:55', 'Lorem ipsum dolor sit amet, consectetur adipiscing elit.', 'florinda'),
('PfA7QbvBMrcgsf6a9asZMoTc', 'KNx14hyXZu3Ioq5BC8I5CARX', '2021-03-05 05:23:35', 'Nullam quis metus commodo, ornare nulla id, condimentum diam.', 'milford'),
('PfA7QbvBMrcgsf6a9asZMoTc', 'JqOEA1omUjEq6umqjjebPmdb', '2021-03-07 01:01:12', 'Mauris vehicula justo non dui mattis venenatis.', 'amee'),
('VgZJnAR74nZeGca0Wu2r1hc8', 'uI0pOI1jYKumbiwVAgpb+8WZ', '2021-03-01 02:30:36', 'Ut ultrices augue pulvinar nisl varius, ac sollicitudin purus venenatis.', 'joseph'),
('VgZJnAR74nZeGca0Wu2r1hc8', 'g2pGChKUIQnfZwrQW0k+YKjc', '2021-03-02 15:02:55', 'Nulla quis nunc non magna pulvinar ornare.', 'joseph'),
('VgZJnAR74nZeGca0Wu2r1hc8', 'LcKY/Gzq8pbc1ExKWUSlAo0V', '2021-03-02 15:52:30', 'Duis tempor quam id tortor tempus tincidunt.', 'joseph'),
('VgZJnAR74nZeGca0Wu2r1hc8', 'LYx6Qua/DbzGALkpW2v+M4R5', '2021-03-03 01:27:07', 'Praesent quis diam et est consectetur placerat.', 'florinda'),
('VgZJnAR74nZeGca0Wu2r1hc8', 'jhcpEpfMZar4K988yuUEx56k', '2021-03-05 17:37:25', 'Lorem ipsum dolor sit amet, consectetur adipiscing elit.', 'joseph'),
('hhmioJmLE8D8XzIqLqRpde8J', '3V73hNvF5OZSu1yVETLvM1xK', '2021-03-01 14:14:41', 'Aenean semper enim ut urna ullamcorper laoreet.', 'kathey'),
('hhmioJmLE8D8XzIqLqRpde8J', 'VNqrGVaESCnjmm1DBmZfISbk', '2021-03-01 19:11:45', 'Praesent quis diam et est consectetur placerat.', 'kathey'),
('hhmioJmLE8D8XzIqLqRpde8J', '/tV5UAp0ciSdfweLZ29RyYJx', '2021-03-02 01:11:59', 'Praesent pellentesque justo at nulla sagittis porta.', 'kathey'),
('hhmioJmLE8D8XzIqLqRpde8J', 'FU7nhpCaCAJpqgMh3EO7AaIV', '2021-03-03 23:46:07', 'Nullam vitae sapien non lectus dignissim tempor.', 'amee'),
('hhmioJmLE8D8XzIqLqRpde8J', 'M1B9M12M8eRzL3KLXtLXVwNu', '2021-03-04 16:52:35', 'Praesent pellentesque justo at nulla sagittis porta.', 'joseph'),
('hhmioJmLE8D8XzIqLqRpde8J', 'qVilraI+pXVJ9r8R9m0sM99W', '2021-03-05 04:16:35', 'Ut ultrices augue pulvinar nisl varius, ac sollicitudin purus venenatis.', 'kathey'),
('hhmioJmLE8D8XzIqLqRpde8J', 'fQT6rSe8LrE4nhhSi0bdHEAo', '2021-03-05 18:55:50', 'Etiam lobortis turpis ut arcu sodales, at semper quam blandit.', 'kathey'),
('h4Bk5qDzvLGoeUPTDT86UPIz', 'R0YCbZHUQuhIdOIRT+46bNHN', '2021-03-02 09:22:21', 'Sed imperdiet ipsum varius scelerisque eleifend.', 'amee'),
('h4Bk5qDzvLGoeUPTDT86UPIz', 'CpYIL3b8ZkmUdXkBqDTSygGe', '2021-03-02 21:05:35', 'Praesent a nunc maximus, ultrices nisi sed, malesuada justo.', 'florinda'),
('h4Bk5qDzvLGoeUPTDT86UPIz', 'qxFgXOIlBvptxQtVcYjw4tTa', '2021-03-06 01:20:50', 'Nulla quis nunc non magna pulvinar ornare.', 'nevada'),
('h4Bk5qDzvLGoeUPTDT86UPIz', 'pDpC/CwOLopuBh2SuGfwr0lU', '2021-03-06 09:35:27', 'Duis tempor quam id tortor tempus tincidunt.', 'nevada'),
('h4Bk5qDzvLGoeUPTDT86UPIz', 'LNQQlYNwMLFEW5XS2wH5Y3J6', '2021-03-07 14:39:43', 'Sed imperdiet ipsum varius scelerisque eleifend.', 'amee'),
('h4Bk5qDzvLGoeUPTDT86UPIz', 'Xgysohi8yhqlvZAIa7EGPfau', '2021-03-07 15:35:26', 'Ut ultrices augue pulvinar nisl varius, ac sollicitudin purus venenatis.', 'florinda'),
('/6LbR9MekySM4ooQigk74Iw4', 'YA59AJFrWm61Y8g/PWWpAaSm', '2021-03-02 05:47:45', 'Nulla quis nunc non magna pulvinar ornare.', 'delana'),
('/6LbR9MekySM4ooQigk74Iw4', 'BkSg2TY4rWoK4alTyvOHTFkH', '2021-03-02 13:03:46', 'Praesent pellentesque justo at nulla sagittis porta.', 'mai'),
('/6LbR9MekySM4ooQigk74Iw4', 'n0Xwatb3dHmvtxw7B6mUstuo', '2021-03-05 10:09:54', 'Ut ultrices augue pulvinar nisl varius, ac sollicitudin purus venenatis.', 'mai'),
('/6LbR9MekySM4ooQigk74Iw4', 'ndzBUtaZdxiGgty3wVS0a7ex', '2021-03-07 17:39:18', 'Ut ultrices augue pulvinar nisl varius, ac sollicitudin purus venenatis.', 'delana'),
('/6LbR9MekySM4ooQigk74Iw4', '6LA8LgDTvh0XEG8Zd7+1/e4Y', '2021-03-08 01:17:21', 'Duis tempor quam id tortor tempus tincidunt.', 'delana'),
('5BpDPlX/uGlDoq4e4H+DTGz9', 'awn1Lw0TJWl/4W+mjmiKXegj', '2021-03-01 09:54:27', 'Duis tempor quam id tortor tempus tincidunt.', 'delana'),
('5BpDPlX/uGlDoq4e4H+DTGz9', 'K7x+gr68eOAURozA0BhafBxN', '2021-03-02 02:43:43', 'Ut ultrices augue pulvinar nisl varius, ac sollicitudin purus venenatis.', 'delana'),
('5BpDPlX/uGlDoq4e4H+DTGz9', 'eFYhRUpOrYpnfSmdPyHE4/sd', '2021-03-06 19:14:55', 'Maecenas interdum tellus ut ipsum pellentesque, vitae interdum nibh commodo.', 'joseph'),
('5BpDPlX/uGlDoq4e4H+DTGz9', 'AYOqv59fW8PUGoeM+o6CAkAx', '2021-03-07 09:02:24', 'Praesent a nunc maximus, ultrices nisi sed, malesuada justo.', 'amee'),
('B+4/noHaOzag6x45MAMligtJ', 't/aY/0Cuc0QWGUPuEG8r4Vme', '2021-03-01 21:35:51', 'Nullam vitae sapien non lectus dignissim tempor.', 'ora'),
('B+4/noHaOzag6x45MAMligtJ', 'mD0dAl7TzcS9mE12j5jhPfmQ', '2021-03-02 01:37:06', 'Sed imperdiet ipsum varius scelerisque eleifend.', 'ora'),
('B+4/noHaOzag6x45MAMligtJ', 'aqrfs6drJN1OF/kI2cnLBuRY', '2021-03-02 03:47:15', 'Sed dictum enim ut massa feugiat vulputate.', 'ora'),
('B+4/noHaOzag6x45MAMligtJ', 'Hm3JhmEtzI2thjO5LngCV7HS', '2021-03-03 08:32:07', 'Sed imperdiet ipsum varius scelerisque eleifend.', 'ora'),
('B+4/noHaOzag6x45MAMligtJ', 'cGRibb5g0QOadcxeScJy4ute', '2021-03-03 14:08:23', 'Mauris vehicula justo non dui mattis venenatis.', 'ora'),
('aMwcs2TcznmxHkFkaBC47nQ2', 'TxkYe/iNGCrWGg5HKNJaEyV2', '2021-03-04 20:18:18', 'Nullam vitae sapien non lectus dignissim tempor.', 'delana'),
('aMwcs2TcznmxHkFkaBC47nQ2', 'wPrZSq6VmooaQlyd43wy7b4k', '2021-03-06 03:01:25', 'Aenean semper enim ut urna ullamcorper laoreet.', 'nevada'),
('aMwcs2TcznmxHkFkaBC47nQ2', 'aHAmJcl2YcVtTzjLlANZpYKO', '2021-03-09 23:57:05', 'Maecenas fringilla sem consequat egestas hendrerit.', 'delana'),
('aMwcs2TcznmxHkFkaBC47nQ2', 'oax/+rysx3bnC3r0Vhq9Y3cs', '2021-03-10 00:43:24', 'Ut ultrices augue pulvinar nisl varius, ac sollicitudin purus venenatis.', 'delana'),
('aMwcs2TcznmxHkFkaBC47nQ2', '6rVz6nQbLbOKGcxrHKlvtbG1', '2021-03-11 06:55:01', 'Ut ultrices augue pulvinar nisl varius, ac sollicitudin purus venenatis.', 'kathey'),
('aMwcs2TcznmxHkFkaBC47nQ2', 'hLHNw1SPDLkuR37i8/B5ei/V', '2021-03-13 01:36:13', 'Nulla quis nunc non magna pulvinar ornare.', 'delana'),
('I3qkhMI+PFRJjzG9PAnR1J45', '3E3NaJiSnvwj5jEhKQl9gcgr', '2021-03-01 07:02:30', 'Maecenas interdum tellus ut ipsum pellentesque, vitae interdum nibh commodo.', 'florinda'),
('I3qkhMI+PFRJjzG9PAnR1J45', 'pIPzrS2OFvWbwhq+1tOklp7e', '2021-03-02 21:51:04', 'Praesent quis diam et est consectetur placerat.', 'moira');

INSERT IGNORE INTO FavouriteDrawings VALUES
('carmine', 'funny meme', 'a15922017e323d828d60e6df.json'),
('carmine', 'weird gltich', 'e2551d41cd04da920ab1ee0c.json'),
('hayden', 'tofu', '44ecbcf0156c8ab08c26f185.json'),
('kathey', 'funny meme', '479fbdfb559955d0244d9b2f.json'),
('keren', 'how to sleep', 'fdc520a7c6c00f5558baf218.json'),
('lynn', 'kewt drawing', '9b678d8d6bb0936f2e0b1e22.json'),
('lynn', 'trick or treat', '4cb0e403b42d94726cd6d220.json'),
('lynn', 'happy apple', '0044677be64135d6ad081a0d.json'),
('delana', 'tofu', '822d527977dfa0d3f2495bd0.json'),
('delana', 'major problem', '8b711ee18583ebe09436e9bf.json'),
('ora', 'kewt drawing', '9af88e09a489d7053a4aa83d.json'),
('ora', 'magic tricks', '0b1cc6cd08f0e772ef3e45ca.json'),
('milford', 'testing', 'd67986a37e10985100f5f53c.json'),
('milford', 'happy apple', 'd652a7be48d0e77420e8de90.json'),
('florinda', 'mood', 'f808519b929af552ef9cc116.json'),
('flo', 'programming 101', '648580b0f881d6b7e8b20604.json'),
('flo', 'tips and tricks', 'd669b95d89fd389307d71424.json'),
('donita', 'kewt drawing', '75264fbdcaab6ea6f02d8bb6.json'),
('donita', 'happy apple', '756cc92e665597ed8c88a181.json'),
('donita', 'how to get an A in exams', 'c9a8fa57a4feca2ac6b0a9c1.json'),
('nakisha', 'solution to all problems in life', '1e1137d3e7863b935970710c.json'),
('nakisha', 'mood', 'e035bcab912b2d1667ad4682.json'),
('leatha', 'tips and tricks', '4e67a9b2d32d4a4cf9e57099.json'),
('leatha', 'mood', '023c909e1d722838b60793f3.json'),
('leatha', 'how to sleep', '44a86d39ccaf785c0b007589.json'),
('moira', 'weird gltich', '904c4e177ccb5d0d72ab595c.json'),
('jacqueline', 'programming 101', '668d85b14141389e12ec6c48.json'),
('jacqueline', 'how to get an A in exams', 'd775cace2c18e0f701d09a91.json'),
('mai', 'magic tricks', '0194c02263283ae9888992f5.json'),
('mai', 'weird gltich', '68260d331cf1b86b430fd10b.json'),
('amee', 'tofu', '42b06129622e4ab4fba8c795.json');

INSERT IGNORE INTO RegisteredUserConnectionTokens VALUES
('carmine', 'NVl8KkH98A9+ZmJkITGdNlDM'),
('carmine', 'K6e4kINmOKEJWPe0rHLhJDp7'),
('carmine', 'lwMCe+af1Gk8ebfRBxLMYSdW'),
('kathey', 'hQtkwwtQcpOH1u1oQuHrs9hI'),
('kathey', 'LwGoqbVONMbhIjLzj2h4x916'),
('kathey', 'JbKy3RD73x7Ubl8BxIQ2NvtW'),
('keren', 'Lk9AQXV+iyI+5VmU6IieT58u'),
('keren', 'XE4BAqIxTcJdA8BqRnvrNxRv'),
('lynn', 'dJFOGoUKslhq9UrMvIm2XyRz'),
('delana', 'mgzx86HJbjijhrXAX5brpsCl'),
('delana', 'thvQ3ieJmA7+QrtVDPLhYkBf'),
('delana', 'Oojhvq0MEPUYGzvW7BA50M4e'),
('ora', 'pOqucXTL1MRBfWaFC19jcgKO'),
('florinda', 'v1PDeSQXdhkiBQOxL5HQkQar'),
('florinda', 'ewRzQC4Sw3ZHrRqCxNGpni76'),
('florinda', 'ckdMH+X1x8zHd0IjlC2k2FSy'),
('flo', 'jri3BpMesg7RrEDcl3T4Dtu1'),
('nakisha', '+4GtXaXoUkwkHtTjfsA1Mc5k'),
('nakisha', 'Sprf9BKXvl7M8BY3OBoF94aW'),
('moira', 'pRWi6tx4a7U42qKtFkGmgIXc'),
('moira', 'UHgX0xuMlBpv9hP8gI1kQ+6k'),
('mai', '+NtzsZhaRo8dO4WfRQWhnvgD'),
('mai', 'kKqPIslKwyNnr9C1q3J0Vz3e'),
('nevada', '8syYM7MMW2HUynOdBkBeyIDy'),
('amee', 'BzNQSxSnX73lykqCp5NxQ8+b'),
('amee', 'gTZA5Lsc+UgWZrrw+2Y63m3E'),
('amee', 'WSkwAWHSF2hkf5KvHqmMlNxD');

INSERT IGNORE INTO CurrentJoin VALUES
('phebe', '2OTf2mSvj0is3v//aZl7NaPV'),
('joseph', '2OTf2mSvj0is3v//aZl7NaPV'),
('jamee', '2OTf2mSvj0is3v//aZl7NaPV'),
('milford', '2OTf2mSvj0is3v//aZl7NaPV'),
('pilar', '40BP0IIojolnWSO57bmXD47D'),
('ona', 'Xv4h7AhfgVnK7vrK+tXAFqx+'),
('aundrea', 'Xv4h7AhfgVnK7vrK+tXAFqx+'),
('tanesha', 'M02PWrNl9CSMP96ir2v2ls9D'),
('sally', 'YMA6132MpWy4rTOs9eks3Kk1'),
('nevada', 'YMA6132MpWy4rTOs9eks3Kk1'),
('tenisha', 'adTmfWko+J4MeF41RIABZB5U'),
('yasmin', 'adTmfWko+J4MeF41RIABZB5U'),
('keren', 'adTmfWko+J4MeF41RIABZB5U'),
('milford', 'PfA7QbvBMrcgsf6a9asZMoTc'),
('carlyn', 'PfA7QbvBMrcgsf6a9asZMoTc'),
('julian', 'PfA7QbvBMrcgsf6a9asZMoTc'),
('cassie', 'PfA7QbvBMrcgsf6a9asZMoTc'),
('lynn', 'PfA7QbvBMrcgsf6a9asZMoTc'),
('carmine', 'PfA7QbvBMrcgsf6a9asZMoTc'),
('joseph', 'VgZJnAR74nZeGca0Wu2r1hc8'),
('aurore', 'VgZJnAR74nZeGca0Wu2r1hc8'),
('florinda', 'VgZJnAR74nZeGca0Wu2r1hc8'),
('ranee', 'VgZJnAR74nZeGca0Wu2r1hc8'),
('carlyn', 'h4Bk5qDzvLGoeUPTDT86UPIz'),
('florinda', 'h4Bk5qDzvLGoeUPTDT86UPIz'),
('nevada', 'h4Bk5qDzvLGoeUPTDT86UPIz'),
('phebe', 'vRtj/9P0qu31F++r2l/SzE53'),
('estell', 'vRtj/9P0qu31F++r2l/SzE53'),
('cassie', 'vRtj/9P0qu31F++r2l/SzE53'),
('jamee', 'vRtj/9P0qu31F++r2l/SzE53'),
('ara', '/6LbR9MekySM4ooQigk74Iw4'),
('pilar', '5BpDPlX/uGlDoq4e4H+DTGz9'),
('amee', '5BpDPlX/uGlDoq4e4H+DTGz9'),
('joseph', '5BpDPlX/uGlDoq4e4H+DTGz9'),
('yasmin', 'B+4/noHaOzag6x45MAMligtJ'),
('patricia', 'B+4/noHaOzag6x45MAMligtJ'),
('julian', 'aMwcs2TcznmxHkFkaBC47nQ2'),
('domenica', 'aMwcs2TcznmxHkFkaBC47nQ2'),
('flo', 'GOODTMJE2RGJnAJs03lpuePQ'),
('milford', 'GOODTMJE2RGJnAJs03lpuePQ'),
('bradly', 'GOODTMJE2RGJnAJs03lpuePQ'),
('phebe', 'I3qkhMI+PFRJjzG9PAnR1J45'),
('daniel', 'I3qkhMI+PFRJjzG9PAnR1J45'),
('sally', 'I3qkhMI+PFRJjzG9PAnR1J45'),
('krystal', 'I3qkhMI+PFRJjzG9PAnR1J45'),
('pilar', 'YtBa4UyIBTVXq5oC+KC8mi3f'),
('tresa', 'YtBa4UyIBTVXq5oC+KC8mi3f');

INSERT IGNORE INTO PastJoin VALUES
('flo', '4jUB5tHd/46nhekqKbplVNSQ', '2021-03-10 23:01:41'),
('milford', '4jUB5tHd/46nhekqKbplVNSQ', '2021-03-24 12:17:25'),
('donita', 'qj/xcn7ASgLnmxYmSKqdKWge', '2021-03-12 22:07:53'),
('shonta', '7ZWhpHoouZ3YT0d2gSHejB45', '2021-03-27 08:38:56'),
('donita', '7ZWhpHoouZ3YT0d2gSHejB45', '2021-03-26 00:42:30'),
('florinda', '7ZWhpHoouZ3YT0d2gSHejB45', '2021-03-30 19:25:01'),
('nevada', '7ZWhpHoouZ3YT0d2gSHejB45', '2021-03-01 21:50:20'),
('keren', '7ZWhpHoouZ3YT0d2gSHejB45', '2021-03-07 03:40:07'),
('shonta', 'YuWTs6Lx6qFx/6AcRD1HO40p', '2021-03-20 18:12:05'),
('carmine', 'YuWTs6Lx6qFx/6AcRD1HO40p', '2021-03-06 09:10:10'),
('milford', 'YuWTs6Lx6qFx/6AcRD1HO40p', '2021-03-14 12:10:48'),
('joseph', '8CJnFraneu0A8cbukNW9NXDw', '2021-03-03 17:29:26'),
('mai', '+dNLa3GurKOaKHHGApthN4rf', '2021-03-14 06:02:38'),
('jacqueline', '+dNLa3GurKOaKHHGApthN4rf', '2021-03-28 06:53:38'),
('donita', '+dNLa3GurKOaKHHGApthN4rf', '2021-03-08 03:56:16'),
('hayden', '+dNLa3GurKOaKHHGApthN4rf', '2021-03-18 19:43:36'),
('carmine', '+dNLa3GurKOaKHHGApthN4rf', '2021-03-17 05:21:25'),
('florinda', '+dNLa3GurKOaKHHGApthN4rf', '2021-03-01 13:14:09'),
('nevada', '+dNLa3GurKOaKHHGApthN4rf', '2021-03-26 08:16:06'),
('joseph', 'IFahVlaXjkSiCTLzgKKPjf4q', '2021-03-17 20:14:25'),
('shonta', 'IFahVlaXjkSiCTLzgKKPjf4q', '2021-03-10 21:40:36'),
('donita', 'IFahVlaXjkSiCTLzgKKPjf4q', '2021-03-27 01:09:04'),
('florinda', 'IFahVlaXjkSiCTLzgKKPjf4q', '2021-03-03 09:59:16'),
('jacqueline', 'l5X1sqqLGdgKqHMUTKLeoZgz', '2021-03-19 21:31:07'),
('joseph', 'l5X1sqqLGdgKqHMUTKLeoZgz', '2021-03-05 14:29:24'),
('hayden', 'l5X1sqqLGdgKqHMUTKLeoZgz', '2021-03-22 22:25:37'),
('leatha', 'l5X1sqqLGdgKqHMUTKLeoZgz', '2021-03-09 23:35:57'),
('keren', 'l5X1sqqLGdgKqHMUTKLeoZgz', '2021-03-30 14:39:57'),
('mai', 'kvsSaY/TRTJMepcHum1B49bZ', '2021-03-16 17:33:12'),
('amee', 'kvsSaY/TRTJMepcHum1B49bZ', '2021-03-10 05:56:00'),
('kathey', 'kvsSaY/TRTJMepcHum1B49bZ', '2021-03-14 22:23:25'),
('delana', 'kvsSaY/TRTJMepcHum1B49bZ', '2021-03-15 18:22:50'),
('mai', 'v0c7ivq1sfZcqEJCveQcPWIw', '2021-03-12 21:50:46'),
('amee', 'v0c7ivq1sfZcqEJCveQcPWIw', '2021-03-17 19:38:50'),
('mai', 'TEguLZ5hctmCQ+dHuIrl6UtF', '2021-03-02 02:21:28'),
('jacqueline', 'TEguLZ5hctmCQ+dHuIrl6UtF', '2021-03-15 14:05:10'),
('joseph', 'TEguLZ5hctmCQ+dHuIrl6UtF', '2021-03-24 21:12:07'),
('shonta', 'TEguLZ5hctmCQ+dHuIrl6UtF', '2021-03-23 16:13:19'),
('donita', 'TEguLZ5hctmCQ+dHuIrl6UtF', '2021-03-16 12:27:23'),
('lynn', 'TEguLZ5hctmCQ+dHuIrl6UtF', '2021-03-14 20:44:51'),
('ora', 'TEguLZ5hctmCQ+dHuIrl6UtF', '2021-03-21 20:08:11'),
('milford', 'lFKl77/f1Ljtv4ccbaI85hDV', '2021-03-06 17:19:58'),
('shonta', 'vVitd9XgEi6Ix4SoJgrKOs1v', '2021-03-14 08:53:19'),
('ora', 'xODG8f1MS2EuBY+rFGiOryuW', '2021-03-14 07:44:13'),
('milford', 'xODG8f1MS2EuBY+rFGiOryuW', '2021-03-30 21:16:43'),
('jacqueline', 'b4VJEWyObTxAqsaI0Jh9DsR2', '2021-03-03 17:41:02'),
('lynn', 'b4VJEWyObTxAqsaI0Jh9DsR2', '2021-03-09 12:39:00'),
('florinda', 'b4VJEWyObTxAqsaI0Jh9DsR2', '2021-03-23 02:25:09'),
('flo', '3LrqPtcm/t3VUKrkktL1N+JC', '2021-03-04 19:39:26'),
('hayden', '3LrqPtcm/t3VUKrkktL1N+JC', '2021-03-14 18:18:03'),
('delana', '3LrqPtcm/t3VUKrkktL1N+JC', '2021-03-14 07:16:56'),
('shonta', '7GYE/PrhwGvWrctppcK37tAj', '2021-03-17 20:49:20'),
('ora', '6OhfFgA2hI6x+yyF+qnfNbqJ', '2021-03-06 20:58:19'),
('florinda', '6OhfFgA2hI6x+yyF+qnfNbqJ', '2021-03-27 07:53:21'),
('nakisha', '6OhfFgA2hI6x+yyF+qnfNbqJ', '2021-03-23 16:37:14'),
('nevada', '6OhfFgA2hI6x+yyF+qnfNbqJ', '2021-03-13 15:14:50'),
('jacqueline', 'Rijrk1jM9V0RxLK1CFwx2C4W', '2021-03-05 04:29:38'),
('moira', 'Rijrk1jM9V0RxLK1CFwx2C4W', '2021-03-21 12:56:50'),
('hayden', 'Rijrk1jM9V0RxLK1CFwx2C4W', '2021-03-26 14:40:51'),
('milford', 'Rijrk1jM9V0RxLK1CFwx2C4W', '2021-03-05 14:47:56'),
('flo', 'EgLprxpbhyUcjv/1JddOpbLl', '2021-03-21 23:02:50'),
('joseph', 'EgLprxpbhyUcjv/1JddOpbLl', '2021-03-17 17:53:05'),
('keren', 'EgLprxpbhyUcjv/1JddOpbLl', '2021-03-18 15:33:21'),
('joseph', '2OTf2mSvj0is3v//aZl7NaPV', '2021-03-26 00:36:51'),
('moira', '2OTf2mSvj0is3v//aZl7NaPV', '2021-03-29 04:55:24'),
('donita', '2OTf2mSvj0is3v//aZl7NaPV', '2021-03-29 22:16:58'),
('milford', '2OTf2mSvj0is3v//aZl7NaPV', '2021-03-01 20:50:48'),
('jacqueline', 'Xv4h7AhfgVnK7vrK+tXAFqx+', '2021-03-11 03:35:06'),
('nakisha', 'Xv4h7AhfgVnK7vrK+tXAFqx+', '2021-03-12 07:29:24'),
('moira', 'YMA6132MpWy4rTOs9eks3Kk1', '2021-03-02 01:01:47'),
('ora', 'YMA6132MpWy4rTOs9eks3Kk1', '2021-03-20 15:56:11'),
('hayden', 'YMA6132MpWy4rTOs9eks3Kk1', '2021-03-28 10:15:07'),
('nevada', 'YMA6132MpWy4rTOs9eks3Kk1', '2021-03-30 02:56:48'),
('leatha', 'adTmfWko+J4MeF41RIABZB5U', '2021-03-08 12:02:17'),
('delana', 'adTmfWko+J4MeF41RIABZB5U', '2021-03-29 17:03:26'),
('keren', 'adTmfWko+J4MeF41RIABZB5U', '2021-03-04 10:33:48'),
('milford', 'PfA7QbvBMrcgsf6a9asZMoTc', '2021-03-11 01:10:26'),
('amee', 'PfA7QbvBMrcgsf6a9asZMoTc', '2021-03-07 04:38:01'),
('lynn', 'PfA7QbvBMrcgsf6a9asZMoTc', '2021-03-05 12:45:15'),
('carmine', 'PfA7QbvBMrcgsf6a9asZMoTc', '2021-03-17 19:56:52'),
('florinda', 'PfA7QbvBMrcgsf6a9asZMoTc', '2021-03-16 02:14:23'),
('jacqueline', 'VgZJnAR74nZeGca0Wu2r1hc8', '2021-03-14 13:02:55'),
('joseph', 'VgZJnAR74nZeGca0Wu2r1hc8', '2021-03-19 03:05:28'),
('florinda', 'VgZJnAR74nZeGca0Wu2r1hc8', '2021-03-04 01:19:35'),
('joseph', 'hhmioJmLE8D8XzIqLqRpde8J', '2021-03-05 09:26:01'),
('kathey', 'hhmioJmLE8D8XzIqLqRpde8J', '2021-03-16 15:19:05'),
('amee', 'hhmioJmLE8D8XzIqLqRpde8J', '2021-03-27 06:23:21'),
('amee', 'h4Bk5qDzvLGoeUPTDT86UPIz', '2021-03-04 15:36:44'),
('florinda', 'h4Bk5qDzvLGoeUPTDT86UPIz', '2021-03-23 01:27:51'),
('nevada', 'h4Bk5qDzvLGoeUPTDT86UPIz', '2021-03-05 03:55:45'),
('keren', 'h4Bk5qDzvLGoeUPTDT86UPIz', '2021-03-23 23:13:44'),
('mai', '/6LbR9MekySM4ooQigk74Iw4', '2021-03-12 05:49:27'),
('ora', '/6LbR9MekySM4ooQigk74Iw4', '2021-03-29 02:18:49'),
('delana', '/6LbR9MekySM4ooQigk74Iw4', '2021-03-24 04:26:25'),
('amee', '5BpDPlX/uGlDoq4e4H+DTGz9', '2021-03-08 18:18:37'),
('joseph', '5BpDPlX/uGlDoq4e4H+DTGz9', '2021-03-06 16:14:03'),
('kathey', '5BpDPlX/uGlDoq4e4H+DTGz9', '2021-03-07 20:57:13'),
('delana', '5BpDPlX/uGlDoq4e4H+DTGz9', '2021-03-05 19:09:22'),
('ora', 'B+4/noHaOzag6x45MAMligtJ', '2021-03-03 01:28:34'),
('kathey', 'aMwcs2TcznmxHkFkaBC47nQ2', '2021-03-22 23:01:27'),
('nevada', 'aMwcs2TcznmxHkFkaBC47nQ2', '2021-03-05 13:57:15'),
('delana', 'aMwcs2TcznmxHkFkaBC47nQ2', '2021-03-26 03:51:34'),
('flo', 'GOODTMJE2RGJnAJs03lpuePQ', '2021-03-14 13:13:46'),
('ora', 'GOODTMJE2RGJnAJs03lpuePQ', '2021-03-16 03:39:58'),
('hayden', 'GOODTMJE2RGJnAJs03lpuePQ', '2021-03-28 09:00:19'),
('milford', 'GOODTMJE2RGJnAJs03lpuePQ', '2021-03-28 13:04:51'),
('leatha', 'GOODTMJE2RGJnAJs03lpuePQ', '2021-03-08 22:37:18'),
('flo', 'I3qkhMI+PFRJjzG9PAnR1J45', '2021-03-23 15:47:04'),
('moira', 'I3qkhMI+PFRJjzG9PAnR1J45', '2021-03-19 12:19:53'),
('florinda', 'I3qkhMI+PFRJjzG9PAnR1J45', '2021-03-20 15:59:00');

INSERT IGNORE INTO FavouriteRooms VALUES
('jacqueline', '4jUB5tHd/46nhekqKbplVNSQ'),
('nakisha', 'qj/xcn7ASgLnmxYmSKqdKWge'),
('amee', '7ZWhpHoouZ3YT0d2gSHejB45'),
('nevada', 'YuWTs6Lx6qFx/6AcRD1HO40p'),
('lynn', 'YuWTs6Lx6qFx/6AcRD1HO40p'),
('shonta', '+dNLa3GurKOaKHHGApthN4rf'),
('keren', '+dNLa3GurKOaKHHGApthN4rf'),
('lynn', '+dNLa3GurKOaKHHGApthN4rf'),
('florinda', '+dNLa3GurKOaKHHGApthN4rf'),
('carmine', 'IFahVlaXjkSiCTLzgKKPjf4q'),
('mai', 'IFahVlaXjkSiCTLzgKKPjf4q'),
('hayden', 'l5X1sqqLGdgKqHMUTKLeoZgz'),
('keren', 'l5X1sqqLGdgKqHMUTKLeoZgz'),
('florinda', 'l5X1sqqLGdgKqHMUTKLeoZgz'),
('carmine', 'l5X1sqqLGdgKqHMUTKLeoZgz'),
('hayden', 'kvsSaY/TRTJMepcHum1B49bZ'),
('donita', 'kvsSaY/TRTJMepcHum1B49bZ'),
('delana', 'kvsSaY/TRTJMepcHum1B49bZ'),
('amee', 'kvsSaY/TRTJMepcHum1B49bZ'),
('keren', 'kvsSaY/TRTJMepcHum1B49bZ'),
('flo', 'v0c7ivq1sfZcqEJCveQcPWIw'),
('leatha', 'v0c7ivq1sfZcqEJCveQcPWIw'),
('amee', 'v0c7ivq1sfZcqEJCveQcPWIw'),
('kathey', 'TEguLZ5hctmCQ+dHuIrl6UtF'),
('nakisha', 'TEguLZ5hctmCQ+dHuIrl6UtF'),
('milford', 'TEguLZ5hctmCQ+dHuIrl6UtF'),
('kathey', 'lFKl77/f1Ljtv4ccbaI85hDV'),
('carmine', 'lFKl77/f1Ljtv4ccbaI85hDV'),
('nakisha', 'lFKl77/f1Ljtv4ccbaI85hDV'),
('keren', 'xODG8f1MS2EuBY+rFGiOryuW'),
('milford', 'xODG8f1MS2EuBY+rFGiOryuW'),
('leatha', 'xODG8f1MS2EuBY+rFGiOryuW'),
('lynn', 'xODG8f1MS2EuBY+rFGiOryuW'),
('flo', 'b4VJEWyObTxAqsaI0Jh9DsR2'),
('ora', '3LrqPtcm/t3VUKrkktL1N+JC'),
('flo', '7GYE/PrhwGvWrctppcK37tAj'),
('keren', '7GYE/PrhwGvWrctppcK37tAj'),
('nakisha', '7GYE/PrhwGvWrctppcK37tAj'),
('mai', '6OhfFgA2hI6x+yyF+qnfNbqJ'),
('florinda', '6OhfFgA2hI6x+yyF+qnfNbqJ'),
('hayden', 'Rijrk1jM9V0RxLK1CFwx2C4W'),
('shonta', 'Rijrk1jM9V0RxLK1CFwx2C4W'),
('milford', 'EgLprxpbhyUcjv/1JddOpbLl'),
('milford', '2OTf2mSvj0is3v//aZl7NaPV'),
('hayden', '2OTf2mSvj0is3v//aZl7NaPV'),
('amee', '2OTf2mSvj0is3v//aZl7NaPV'),
('nakisha', '2OTf2mSvj0is3v//aZl7NaPV'),
('milford', '40BP0IIojolnWSO57bmXD47D'),
('mai', '40BP0IIojolnWSO57bmXD47D'),
('delana', '40BP0IIojolnWSO57bmXD47D'),
('amee', '40BP0IIojolnWSO57bmXD47D'),
('nevada', '40BP0IIojolnWSO57bmXD47D'),
('nevada', 'Xv4h7AhfgVnK7vrK+tXAFqx+'),
('keren', 'Xv4h7AhfgVnK7vrK+tXAFqx+'),
('kathey', 'Xv4h7AhfgVnK7vrK+tXAFqx+'),
('lynn', 'M02PWrNl9CSMP96ir2v2ls9D'),
('donita', 'YMA6132MpWy4rTOs9eks3Kk1'),
('leatha', 'YMA6132MpWy4rTOs9eks3Kk1'),
('carmine', 'YMA6132MpWy4rTOs9eks3Kk1'),
('amee', 'adTmfWko+J4MeF41RIABZB5U'),
('joseph', 'adTmfWko+J4MeF41RIABZB5U'),
('shonta', 'PfA7QbvBMrcgsf6a9asZMoTc'),
('florinda', 'PfA7QbvBMrcgsf6a9asZMoTc'),
('lynn', 'PfA7QbvBMrcgsf6a9asZMoTc'),
('nevada', 'PfA7QbvBMrcgsf6a9asZMoTc'),
('delana', '96YWz4NSYOfie+3HojcFqYCP'),
('flo', '96YWz4NSYOfie+3HojcFqYCP'),
('amee', 'VgZJnAR74nZeGca0Wu2r1hc8'),
('keren', 'VgZJnAR74nZeGca0Wu2r1hc8'),
('delana', 'hhmioJmLE8D8XzIqLqRpde8J'),
('lynn', 'hhmioJmLE8D8XzIqLqRpde8J'),
('moira', 'hhmioJmLE8D8XzIqLqRpde8J'),
('amee', 'hhmioJmLE8D8XzIqLqRpde8J'),
('mai', 'h4Bk5qDzvLGoeUPTDT86UPIz'),
('moira', 'h4Bk5qDzvLGoeUPTDT86UPIz'),
('nakisha', 'vRtj/9P0qu31F++r2l/SzE53'),
('ora', 'vRtj/9P0qu31F++r2l/SzE53'),
('kathey', '/6LbR9MekySM4ooQigk74Iw4'),
('joseph', '/6LbR9MekySM4ooQigk74Iw4'),
('hayden', '5BpDPlX/uGlDoq4e4H+DTGz9'),
('keren', '5BpDPlX/uGlDoq4e4H+DTGz9'),
('carmine', '5BpDPlX/uGlDoq4e4H+DTGz9'),
('ora', 'B+4/noHaOzag6x45MAMligtJ'),
('milford', 'B+4/noHaOzag6x45MAMligtJ'),
('nevada', 'aMwcs2TcznmxHkFkaBC47nQ2'),
('amee', 'GOODTMJE2RGJnAJs03lpuePQ'),
('amee', 'I3qkhMI+PFRJjzG9PAnR1J45'),
('donita', 'I3qkhMI+PFRJjzG9PAnR1J45'),
('shonta', 'YtBa4UyIBTVXq5oC+KC8mi3f'),
('jacqueline', 'YtBa4UyIBTVXq5oC+KC8mi3f'),
('ora', 'YtBa4UyIBTVXq5oC+KC8mi3f');